Name,Model Name,Brand,Location,Year,Kilometers_Driven,Fuel_Type,Transmission,Owner_Type,Mileage,Engine,Power,Seats,New_Price,Price
Honda Jazz V, Jazz V,Honda,Chennai,2011,46000,Petrol,Manual,First,18.2,1199,88.7,5,8.61,4.5
Toyota Innova Crysta 2.8 GX AT 8S, Innova Crysta 2.8 GX AT 8S,Toyota,Mumbai,2016,36000,Diesel,Automatic,First,11.36,2755,171.5,8,21,17.5
Maruti Ciaz Zeta, Ciaz Zeta,Maruti,Kochi,2018,25692,Petrol,Manual,First,21.56,1462,103.25,5,10.65,9.95
Mitsubishi Pajero Sport 4X4, Pajero Sport 4X4,Mitsubishi,Delhi,2014,110000,Diesel,Manual,First,13.5,2477,175.56,7,32.01,15
BMW 3 Series 320d, 3 Series 320d,BMW,Kochi,2014,32982,Diesel,Automatic,First,22.69,1995,190,5,47.87,18.55
Honda WRV i-VTEC VX, WRV i VTEC VX,Honda,Kochi,2018,37430,Petrol,Manual,First,17.5,1199,88.7,5,10.57,9.9
Volkswagen Vento 1.6 High , Vento 1.6 High ,Volkswagen,Coimbatore,2014,55431,Petrol,Manual,Second,16.09,1598,103.5,5,12.33,6.98
Maruti Vitara Brezza ZDi Plus, Vitara Brezza ZDi Plus,Maruti,Kochi,2018,50075,Diesel,Manual,First,24.3,1248,88.5,5,11.12,8.63
Hyundai Elantra 2.0 SX   AT, Elantra 2.0 SX AT,Hyundai,Bangalore,2014,46374,Petrol,Automatic,First,14.62,1999,149.92,5,23.64,8.85
Toyota Innova Crysta 2.7 GX MT, Innova Crysta 2.7 GX MT,Toyota,Bangalore,2012,70704,Petrol,Manual,First,11.25,2694,163.7,7,18.64,10.95
Toyota Innova Crysta 2.4 GX MT 8S, Innova Crysta 2.4 GX MT 8S,Toyota,Mumbai,2017,22000,Diesel,Manual,First,13.68,2393,147.8,8,19.34,16.5
Mercedes-Benz C-Class Progressive C 220d, Benz C Class Progressive C 220d,Mercedes,Coimbatore,2019,15369,Diesel,Automatic,First,0,1950,194,5,49.14,35.67
Hyundai Creta 1.4 E Plus   , Creta 1.4 E Plus ,Hyundai,Mumbai,2018,13000,Diesel,Manual,First,22.1,1396,88.7,5,11.81,10.5
Nissan Terrano XV D Pre, Terrano XV D Pre,Nissan,Kochi,2015,56066,Diesel,Manual,First,19.64,1461,108.5,5,16.65,6.92
Tata Zest Revotron 1.2T XE, Zest Revotron 1.2T XE,Tata,Pune,2017,70000,Petrol,Manual,First,17.57,1193,88.7,5,6.67,4.5
Datsun GO Plus T  , GO Plus T ,Datsun,Pune,2017,32851,Petrol,Manual,First,19.83,1198,67,7,6.45,3.95
Toyota Etios Liva 1.2 G, Etios Liva 1.2 G,Toyota,Ahmedabad,2014,53000,Petrol,Manual,First,17.71,1197,78.9,5,6.41,3.9
Toyota Innova Crysta 2.8 ZX AT, Innova Crysta 2.8 ZX AT,Toyota,Mumbai,2017,30000,Diesel,Automatic,First,11.36,2755,171.5,7,27,19.25
Maruti Eeco 5    , Eeco 5 ,Maruti,Coimbatore,2017,38053,Petrol,Manual,First,15.1,1196,73,5,5.13,3.91
BMW 3 Series 320d  , 3 Series 320d ,BMW,Mumbai,2015,56087,Diesel,Automatic,First,22.69,1995,190,5,54.43,20.75
Nissan Micra XV CVT, Micra XV CVT,Nissan,Coimbatore,2016,39882,Petrol,Automatic,First,19.15,1198,75.94,5,9.51,6.55
Maruti Vitara Brezza VDi, Vitara Brezza VDi,Maruti,Mumbai,2016,55000,Diesel,Manual,First,24.3,1248,88.5,5,9.96,7.5
Hyundai Verna CRDi 1.6 SX  , Verna CRDi 1.6 SX ,Hyundai,Kolkata,2018,10250,Diesel,Manual,First,22,1582,126.2,5,14.44,10.95
Maruti Alto K10 VXI, Alto K10 VXI,Maruti,Hyderabad,2014,88500,Petrol,Manual,First,24.07,998,67.1,5,4.53,2.6
Mercedes-Benz SLC 43 AMG, Benz SLC 43 AMG,Mercedes,Kolkata,2017,13372,Petrol,Automatic,First,19,2996,362.07,2,95.04,54
Hyundai Verna VTVT 1.6 AT SX Plus, Verna VTVT 1.6 AT SX Plus,Hyundai,Kochi,2019,12645,Petrol,Automatic,First,17,1591,121.3,5,13.49,11.5
Audi RS5 Coupe, RS5 Coupe,Audi,Mumbai,2013,23000,Petrol,Automatic,First,11.05,2894,444,4,128,37
BMW 3 Series  , 3 Series ,BMW,Mumbai,2014,48000,Diesel,Automatic,First,21.76,1995,190,5,60.88,26.5
Hyundai Grand i10 1.2 Kappa Asta, Grand i10 1.2 Kappa Asta,Hyundai,Kolkata,2019,1000,Petrol,Manual,First,18.9,1197,81.86,5,7.39,6.5
BMW 5 Series 520d  , 5 Series 520d ,BMW,Hyderabad,2014,51000,Diesel,Automatic,First,22.48,1995,190,5,69.47,33.5
Maruti Baleno Alpha, Baleno Alpha,Maruti,Kochi,2017,24773,Petrol,Manual,First,21.4,1197,83.1,5,8.78,7.5
Maruti Ertiga ZDI, Ertiga ZDI,Maruti,Mumbai,2016,33000,Diesel,Manual,First,25.47,1248,88.5,7,12.74,8.5
Mahindra NuvoSport N6, NuvoSport N6,Mahindra,Chennai,2017,29000,Diesel,Manual,Second,17.45,1493,100,7,10.52,6.5
Maruti Vitara Brezza ZDi Plus Dual Tone, Vitara Brezza ZDi Plus Dual Tone,Maruti,Mumbai,2016,20000,Diesel,Manual,First,24.3,1248,88.5,5,11.98,9
Honda Amaze S   , Amaze S ,Honda,Kolkata,2013,45000,Diesel,Manual,First,27.4,1498,98.6,5,8.54,3.25
Skoda Superb Style 1.8 TSI AT, Superb Style 1.8 TSI AT,Skoda,Hyderabad,2017,26000,Petrol,Automatic,First,14.67,1798,177.46,5,33.58,26
Mahindra Verito 1.5 D4 BSIV, Verito 1.5 D4 BSIV,Mahindra,Hyderabad,2013,107000,Diesel,Manual,First,21.03,1461,65,5,9.12,3.7
Maruti Wagon R VXI, Wagon R VXI,Maruti,Kolkata,2013,32000,Petrol,Manual,First,22.5,998,67.04,5,5.29,2.65
Mini Cooper Convertible S, Convertible S,Mini,Kochi,2017,26327,Petrol,Automatic,First,16.82,1998,189.08,4,44.28,35.67
Toyota Innova Crysta 2.8 GX AT, Innova Crysta 2.8 GX AT,Toyota,Kochi,2019,14165,Diesel,Automatic,First,11.36,2755,171.5,7,20.74,19.64
Honda City i-VTEC V, City i VTEC V,Honda,Kolkata,2011,32572,Petrol,Manual,First,17.4,1497,117.3,5,11.74,3.87
Toyota Innova Crysta 2.4 ZX MT, Innova Crysta 2.4 ZX MT,Toyota,Pune,2017,43000,Diesel,Manual,First,13.68,2393,147.8,7,25.52,18.65
Hyundai Verna CRDi 1.6 SX, Verna CRDi 1.6 SX,Hyundai,Hyderabad,2008,143275,Diesel,Manual,First,22,1582,126.2,5,14.07,2.6
Mercedes-Benz GLE 350d, Benz GLE 350d,Mercedes,Coimbatore,2017,29819,Diesel,Automatic,First,11.57,2987,254.79,5,95.13,61.29
Tata Zest Quadrajet 1.3 75PS XE, Zest Quadrajet 1.3 75PS XE,Tata,Pune,2017,121900,Diesel,Manual,First,22.95,1248,74,5,8.34,3.75
Tata Zest Quadrajet 1.3 75PS XE, Zest Quadrajet 1.3 75PS XE,Tata,Pune,2018,45000,Diesel,Manual,First,22.95,1248,74,5,8.34,5.25
Honda Jazz VX, Jazz VX,Honda,Delhi,2015,62178,Petrol,Manual,First,18.2,1199,88.7,5,8.85,4.85
Toyota Innova Crysta 2.4 ZX MT, Innova Crysta 2.4 ZX MT,Toyota,Chennai,2016,48000,Diesel,Manual,First,13.68,2393,147.8,7,25.4,20.25
Honda City i-VTEC CVT ZX, City i VTEC CVT ZX,Honda,Mumbai,2017,15000,Petrol,Automatic,First,18,1497,117.3,5,16.67,12.69
Mercedes-Benz GLE 250d, Benz GLE 250d,Mercedes,Hyderabad,2017,29000,Diesel,Automatic,First,17.9,2143,201.15,5,79.43,57
Honda Brio 1.2 VX MT, Brio 1.2 VX MT,Honda,Kochi,2012,91931,Petrol,Manual,First,18.5,1198,86.8,5,6.62,3.13
Audi Q7 45 TDI  , Q7 45 TDI ,Audi,Coimbatore,2017,97430,Diesel,Automatic,First,14.75,2967,245,7,104,62.67
Maruti Vitara Brezza LDi, Vitara Brezza LDi,Maruti,Chennai,2016,45000,Diesel,Manual,First,24.3,1248,88.5,5,9.12,7.15
BMW 3 Series  , 3 Series ,BMW,Kochi,2015,30717,Diesel,Automatic,Second,21.76,1995,190,5,58.67,25.99
Skoda Octavia RS, Octavia RS,Skoda,Jaipur,2005,100000,Petrol,Automatic,First,14.45,1984,227,5,28.37,2.05
Maruti Alto K10 VXI, Alto K10 VXI,Maruti,Pune,2017,30000,Petrol,Manual,First,24.07,998,67.1,5,4.48,3.75
Jaguar XF 2.0     , XF 2.0  ,Jaguar,Hyderabad,2017,21000,Diesel,Automatic,First,19.33,1999,177,5,72.64,52
Skoda Superb L&K 1.8 TSI AT, Superb L&K 1.8 TSI AT,Skoda,Kochi,2019,13747,Petrol,Automatic,First,14.67,1798,177.46,5,36.15,27.3
Mini Clubman Cooper S,Mini Clubman Cooper S,Mini,Pune,2017,8350,Petrol,Manual,First,13.8,1998,192,5,44.59,35
Maruti Vitara Brezza ZDi Plus, Vitara Brezza ZDi Plus,Maruti,Hyderabad,2017,39000,Diesel,Manual,First,24.3,1248,88.5,5,12,9.49
Honda BRV i-VTEC V CVT, BRV i VTEC V CVT,Honda,Kochi,2017,35676,Petrol,Automatic,First,16,1497,117.3,7,14.65,9.48
Jaguar XE  , XE ,Jaguar,Mumbai,2017,9000,Petrol,Automatic,First,13.5,1999,246.74,5,53.72,34.5
Mitsubishi Pajero Sport 4X2 AT DualTone BlackTop, Pajero Sport 4X2 AT DualTone BlackTop,Mitsubishi,Hyderabad,2018,12000,Diesel,Automatic,First,13.5,2477,175.56,7,33.91,28
BMW 3 Series  , 3 Series ,BMW,Mumbai,2015,41000,Diesel,Automatic,First,21.76,1995,190,5,60.88,25.5
Honda BR-V i-VTEC S MT, BR V i VTEC S MT,Honda,Pune,2017,9000,Petrol,Manual,First,15.4,1497,117.3,7,12.51,8.5
Hyundai i20 Active SX  , i20 Active SX ,Hyundai,Jaipur,2017,40250,Petrol,Manual,First,17.19,1197,81.86,5,9.74,6.9
Mercedes-Benz GLC 43 AMG Coupe, Benz GLC 43 AMG Coupe,Mercedes,Coimbatore,2018,22397,Petrol,Automatic,First,11.5,2996,367,5,95.38,70.99
Audi A6 35 TFSI Matrix, A6 35 TFSI Matrix,Audi,Mumbai,2016,47000,Petrol,Automatic,First,15.26,1798,187.74,5,60.59,24.5
Mini Cooper Convertible S, Convertible S,Mini,Mumbai,2014,11900,Petrol,Automatic,First,16.82,1998,189.08,4,44.28,28.5
Mahindra Bolero ZLX, Bolero ZLX,Mahindra,Coimbatore,2016,82756,Diesel,Manual,First,15.96,2523,62.1,7,11.28,7.7
Volkswagen Vento 1.6   , Vento 1.6 ,Volkswagen,Mumbai,2017,15000,Petrol,Manual,Second,16.09,1598,103.5,5,11.48,7.1
Maruti S-Cross Delta DDiS 200 SH, S Cross Delta DDiS 200 SH,Maruti,Delhi,2018,12923,Diesel,Manual,First,25.1,1248,88.5,5,11.26,8.92
Audi Q3 35 TDI Quattro Premium Plus, Q3 35 TDI Quattro Premium Plus,Audi,Coimbatore,2016,86642,Diesel,Automatic,First,15.17,1968,181,5,43.65,20.37
BMW 3 Series  , 3 Series ,BMW,Bangalore,2016,19235,Diesel,Automatic,First,21.76,1995,190,5,62.07,36.5
Mercedes-Benz E-Class E 220 d, Benz E Class E 220 d,Mercedes,Kochi,2018,26405,Petrol,Automatic,First,12.6,1950,191.34,5,86.97,51.43
Mercedes-Benz GLS 350d 4MATIC, Benz GLS 350d 4MATIC,Mercedes,Pune,2017,129000,Diesel,Automatic,First,11,2987,258,7,100,56
Maruti Wagon R LXI, Wagon R LXI,Maruti,Ahmedabad,2012,30000,Petrol,Manual,First,22.5,998,67.04,5,4.74,3.3
Hyundai Creta 1.6 SX, Creta 1.6 SX,Hyundai,Chennai,2016,69434,Petrol,Manual,First,15.8,1591,121.3,5,14.84,8
Mercedes-Benz New C-Class Progressive C 200, Benz New C Class Progressive C 200,Mercedes,Kochi,2019,13190,Petrol,Automatic,First,0,1950,181.43,5,49.49,38.99
BMW X1 sDrive 20d x , X1 sDrive 20d x ,BMW,Coimbatore,2017,31645,Diesel,Automatic,First,20.68,1995,190,5,48.18,29.4
Maruti Ertiga ZDI, Ertiga ZDI,Maruti,Pune,2013,105000,Diesel,Manual,Second,25.47,1248,88.5,7,12.34,6.75
Skoda Rapid 1.5 TDI Style, Rapid 1.5 TDI Style,Skoda,Hyderabad,2017,31000,Diesel,Manual,First,21.13,1498,108.4,5,15.38,10.5
Toyota Innova Crysta 2.8 GX AT, Innova Crysta 2.8 GX AT,Toyota,Ahmedabad,2016,100200,Diesel,Automatic,First,11.36,2755,171.5,7,19.21,17
Jeep Compass 2.0 Limited, Compass 2.0 Limited,Jeep,Jaipur,2018,29000,Diesel,Manual,First,17.1,1956,170,5,22.95,19
Mahindra Bolero ZLX, Bolero ZLX,Mahindra,Jaipur,2012,105000,Diesel,Manual,Second,15.96,2523,62.1,7,11.15,6
Volkswagen Polo 1.5 TDI High , Polo 1.5 TDI High ,Volkswagen,Coimbatore,2018,33558,Diesel,Manual,First,20.14,1498,88,5,10.32,8.12
Toyota Innova Crysta 2.8 ZX AT, Innova Crysta 2.8 ZX AT,Toyota,Coimbatore,2019,40674,Diesel,Automatic,First,11.36,2755,171.5,7,28.05,24.82
Mercedes-Benz GLC 220d 4MATIC Style, Benz GLC 220d 4MATIC Style,Mercedes,Mumbai,2018,10003,Diesel,Automatic,First,17.9,2143,170,5,59.77,48.5
Volkswagen Vento 1.5 TDI High  AT, Vento 1.5 TDI High AT,Volkswagen,Mumbai,2016,25000,Diesel,Automatic,First,21.5,1498,108.5,5,15.86,9.45
Toyota Innova Crysta 2.4 GX MT 8S, Innova Crysta 2.4 GX MT 8S,Toyota,Hyderabad,2017,52000,Diesel,Manual,First,13.68,2393,147.8,8,19.43,17.5
Maruti Vitara Brezza ZDi, Vitara Brezza ZDi,Maruti,Pune,2016,21558,Diesel,Manual,First,24.3,1248,88.5,5,10.65,8.9
Mini Cooper 5 DOOR D, 5 DOOR D,Mini,Mumbai,2016,11000,Diesel,Automatic,First,20.7,1496,113.98,5,42.12,29.5
Tata Safari Storme VX Varicor 400, Safari Storme VX Varicor 400,Tata,Jaipur,2017,37000,Diesel,Manual,First,14.1,2179,154,7,16.95,11.25
Honda BR-V i-DTEC VX MT, BR V i DTEC VX MT,Honda,Kochi,2017,32249,Diesel,Manual,First,21.9,1498,98.6,7,15.45,10.79
Maruti Ignis 1.2 Alpha, Ignis 1.2 Alpha,Maruti,Mumbai,2017,7000,Petrol,Manual,First,20.89,1197,81.8,5,7.87,5.7
Maruti Alto K10 VXI, Alto K10 VXI,Maruti,Bangalore,2011,64357,Petrol,Manual,First,24.07,998,67.1,5,4.7,2.75
Honda BRV i-VTEC V CVT, BRV i VTEC V CVT,Honda,Mumbai,2017,18000,Petrol,Automatic,First,16,1497,117.3,7,15.02,9.25
Maruti Vitara Brezza ZDi Plus Dual Tone, Vitara Brezza ZDi Plus Dual Tone,Maruti,Coimbatore,2017,18108,Diesel,Manual,First,24.3,1248,88.5,5,12.56,11.31
Nissan Sunny XV CVT, Sunny XV CVT,Nissan,Kochi,2013,37199,Petrol,Automatic,First,17.5,1498,99.6,5,11.33,5.43
Toyota Innova Crysta 2.4 ZX MT, Innova Crysta 2.4 ZX MT,Toyota,Bangalore,2017,64798,Diesel,Manual,First,13.68,2393,147.8,7,26.45,18.75
Maruti Dzire AMT ZXI Plus, Dzire AMT ZXI Plus,Maruti,Hyderabad,2017,13000,Petrol,Automatic,First,22,1197,81.8,5,10.34,8.5
Hyundai Grand i10 1.2 CRDi Magna, Grand i10 1.2 CRDi Magna,Hyundai,Kolkata,2017,14000,Diesel,Manual,First,24,1186,73.97,5,7.46,4.9
Honda City i-VTEC V, City i VTEC V,Honda,Delhi,2014,55818,Petrol,Manual,Second,17.4,1497,117.3,5,11.85,5.7
Maruti Ertiga VDI, Ertiga VDI,Maruti,Ahmedabad,2017,63939,Diesel,Manual,First,25.47,1248,88.5,7,10.41,7.75
Maruti Celerio VXI AMT, Celerio VXI AMT,Maruti,Delhi,2014,35214,Petrol,Automatic,Second,23.1,998,67.04,5,5.57,3.2
Mini Cooper 5 DOOR D, 5 DOOR D,Mini,Hyderabad,2014,60000,Diesel,Automatic,Second,20.7,1496,113.98,5,42.48,23.5
Honda City i-VTEC CVT VX, City i VTEC CVT VX,Honda,Bangalore,2015,18955,Petrol,Automatic,First,18,1497,117.3,5,16.04,10.65
Honda Jazz VX, Jazz VX,Honda,Kochi,2018,20024,Petrol,Manual,First,18.2,1199,88.7,5,9.1,8.46
Ford Figo Titanium   , Figo Titanium ,Ford,Kolkata,2015,72035,Diesel,Manual,First,25.5,1498,99,5,7.65,2.5
Hyundai Creta 1.6 SX, Creta 1.6 SX,Hyundai,Ahmedabad,2016,21000,Petrol,Manual,First,15.8,1591,121.3,5,13.74,10.9
Maruti Wagon R VXI, Wagon R VXI,Maruti,Coimbatore,2015,72599,Petrol,Manual,First,22.5,998,67.04,5,5.72,4.32
Mahindra XUV500 W9 AT, XUV500 W9 AT,Mahindra,Coimbatore,2019,19654,Diesel,Automatic,First,14,2179,155,7,21.33,17.63
Mercedes-Benz GLE 250d, Benz GLE 250d,Mercedes,Mumbai,2016,21000,Diesel,Automatic,First,17.9,2143,201.15,5,78.76,56
Honda Amaze VX   , Amaze VX ,Honda,Hyderabad,2018,12000,Diesel,Manual,First,27.4,1498,98.6,5,10.34,8.5
Maruti Alto K10 LXI, Alto K10 LXI,Maruti,Pune,2014,49000,Petrol,Manual,First,24.07,998,67.1,5,4.29,2.3
Volkswagen Ameo 1.5 TDI High , Ameo 1.5 TDI High ,Volkswagen,Mumbai,2017,51000,Diesel,Manual,First,21.66,1498,108.62,5,10.04,6.45
Mahindra Xylo H4, Xylo H4,Mahindra,Chennai,2016,215000,Diesel,Manual,First,14.02,2179,118.3,7,11.67,7.5
Toyota Innova Crysta 2.4 ZX MT, Innova Crysta 2.4 ZX MT,Toyota,Pune,2017,43200,Diesel,Manual,First,13.68,2393,147.8,7,25.52,18.6
Hyundai Xcent 1.2 CRDi S, Xcent 1.2 CRDi S,Hyundai,Jaipur,2018,25302,Diesel,Manual,First,25.4,1186,73.97,5,8.56,5.9
Toyota Innova Crysta 2.8 ZX AT, Innova Crysta 2.8 ZX AT,Toyota,Kochi,2018,41736,Diesel,Automatic,First,11.36,2755,171.5,7,27,19.92
Renault KWID 1.0 RXT  al, KWID 1.0 RXT al,Renault,Jaipur,2017,63262,Petrol,Manual,First,21.7,999,67,5,4.78,3.25
Maruti Celerio VXI  al AMT, Celerio VXI al AMT,Maruti,Pune,2017,7500,Petrol,Automatic,First,23.1,998,67.04,5,6.14,5
Maruti Dzire VXI, Dzire VXI,Maruti,Kolkata,2011,46687,Petrol,Manual,First,22,1197,81.8,5,7.3,2.7
Datsun redi-GO T  , redi GO T ,Datsun,Bangalore,2016,20487,Petrol,Manual,First,22.7,799,53.64,5,4.37,2.66
Maruti Eeco 7   Standard, Eeco 7 Standard,Maruti,Coimbatore,2012,56661,Petrol,Manual,First,15.1,1196,73,7,4.98,3.61
Honda City i-VTEC CVT VX, City i VTEC CVT VX,Honda,Mumbai,2015,30000,Petrol,Automatic,First,18,1497,117.3,5,15.29,8.65
Jeep Compass 2.0 Limited 4X4, Compass 2.0 Limited 4X4,Jeep,Mumbai,2017,52000,Diesel,Manual,First,16.3,1956,170,5,24.26,20
Land Rover Range Rover Evoque 2.0 TD4 HSE Dynamic, Evoque 2.0 TD4 HSE Dynamic,Land,Kochi,2018,31427,Diesel,Automatic,First,15.68,1999,177,5,75.12,59.72
Maruti Baleno Alpha   , Baleno Alpha ,Maruti,Kolkata,2016,29000,Diesel,Manual,First,27.39,1248,74,5,9.53,6.5
Mitsubishi Pajero Sport 4X4, Pajero Sport 4X4,Mitsubishi,Bangalore,2013,132000,Diesel,Manual,First,13.5,2477,175.56,7,34.6,12.49
Toyota Innova Crysta 2.4 ZX MT, Innova Crysta 2.4 ZX MT,Toyota,Coimbatore,2018,92056,Diesel,Manual,First,13.68,2393,147.8,7,26.45,18.39
Honda Jazz VX   , Jazz VX ,Honda,Mumbai,2016,38000,Diesel,Manual,First,27.3,1498,98.6,5,11.15,6.21
Mercedes-Benz C-Class Progressive C 220d, Benz C Class Progressive C 220d,Mercedes,Mumbai,2018,8682,Diesel,Automatic,First,0,1950,194,5,52.26,39.5
BMW 5 Series 520d  , 5 Series 520d ,BMW,Mumbai,2012,61240,Diesel,Automatic,First,22.48,1995,190,5,70.43,17.5
Renault KWID RXT  al, KWID RXT al,Renault,Hyderabad,2018,1900,Petrol,Manual,First,25.17,799,53.3,5,4.8,4.45
Ford Ecosport Signature Edition   , Ecosport Signature Edition ,Ford,Coimbatore,2019,23154,Diesel,Manual,First,23,1498,98.96,5,12.12,11.65
Toyota Innova Crysta 2.4 GX MT, Innova Crysta 2.4 GX MT,Toyota,Chennai,2017,67489,Diesel,Manual,First,13.68,2393,147.8,7,19.37,16.5
Volkswagen Vento 1.5 TDI   , Vento 1.5 TDI ,Volkswagen,Coimbatore,2014,56658,Diesel,Manual,First,20.64,1498,108.5,5,12.14,5.39
Toyota Fortuner 2.8 4WD MT, Fortuner 2.8 4WD MT,Toyota,Kochi,2013,105072,Diesel,Manual,First,14.24,2755,174.5,7,36.69,13.28
Jeep Compass 1.4 Limited  , Compass 1.4 Limited ,Jeep,Mumbai,2017,4000,Petrol,Automatic,First,16,1368,160,5,23.68,17.75
Audi A4 35 TDI Technology, A4 35 TDI Technology,Audi,Hyderabad,2015,45000,Diesel,Automatic,First,18.25,1968,187.74,5,55.61,25
Ford EcoSport 1.5   Titanium Plus AT, EcoSport 1.5 Titanium Plus AT,Ford,Coimbatore,2018,18385,Petrol,Automatic,First,14.8,1497,121.36,5,14.1,12.41
Maruti S-Cross Zeta DDiS 200 SH, S Cross Zeta DDiS 200 SH,Maruti,Coimbatore,2016,74611,Diesel,Manual,First,25.1,1248,88.5,5,13.26,7.94
Toyota Innova Crysta 2.8 ZX AT, Innova Crysta 2.8 ZX AT,Toyota,Bangalore,2016,108000,Diesel,Automatic,First,11.36,2755,171.5,7,28.05,20.5
Maruti Ertiga VDI, Ertiga VDI,Maruti,Pune,2016,130000,Diesel,Manual,First,25.47,1248,88.5,7,11.27,7
Maruti Vitara Brezza ZDi Plus, Vitara Brezza ZDi Plus,Maruti,Kochi,2019,34688,Diesel,Manual,First,24.3,1248,88.5,5,11.2,10.49
Tata Zest Revotron 1.2 XT, Zest Revotron 1.2 XT,Tata,Mumbai,2014,40000,Petrol,Manual,First,17.57,1193,88.7,5,8.56,3.95
Maruti Vitara Brezza VDi, Vitara Brezza VDi,Maruti,Kolkata,2017,35000,Diesel,Manual,First,24.3,1248,88.5,5,9.46,6.5
Mahindra XUV300 W8   , XUV300 W8 ,Mahindra,Chennai,2012,97000,Diesel,Manual,First,20,1497,115,5,12.79,7.25
Hyundai Verna CRDi 1.6 SX  , Verna CRDi 1.6 SX ,Hyundai,Kochi,2014,89614,Diesel,Manual,First,22,1582,126.2,5,15.57,6.01
Tata Hexa XT, Hexa XT,Tata,Delhi,2017,55000,Diesel,Manual,First,17.6,2179,153.86,7,19.86,12
Tata Tiago 1.2 Revotron XZ, Tiago 1.2 Revotron XZ,Tata,Coimbatore,2018,9565,Petrol,Manual,First,23.84,1199,84,5,6.59,5.88
Mercedes-Benz E-Class E 220 d, Benz E Class E 220 d,Mercedes,Kochi,2018,20446,Petrol,Automatic,First,12.6,1950,191.34,5,86.97,51.35
Mini Cooper 5 DOOR D, 5 DOOR D,Mini,Ahmedabad,2014,34000,Diesel,Automatic,First,20.7,1496,113.98,5,42.12,22
Hyundai Grand i10 1.2 Kappa Magna, Grand i10 1.2 Kappa Magna,Hyundai,Delhi,2017,8471,Petrol,Manual,First,18.9,1197,81.86,5,6.54,5
Toyota Innova Crysta 2.8 ZX AT, Innova Crysta 2.8 ZX AT,Toyota,Hyderabad,2016,69000,Diesel,Automatic,First,11.36,2755,171.5,7,26.56,19.75
Renault Duster 110PS    RxZ AMT, Duster 110PS RxZ AMT,Renault,Coimbatore,2017,30090,Diesel,Automatic,First,19.6,1461,108.45,5,15.05,11.44
Mahindra Bolero ZLX, Bolero ZLX,Mahindra,Mumbai,2016,40448,Diesel,Manual,First,15.96,2523,62.1,7,11.01,3.5
Maruti Vitara Brezza ZDi, Vitara Brezza ZDi,Maruti,Coimbatore,2018,64456,Diesel,Manual,First,24.3,1248,88.5,5,11,10.46
Honda Amaze S  , Amaze S ,Honda,Kochi,2016,51672,Petrol,Manual,First,19.5,1199,88.76,5,7.55,5.68
Hyundai Grand i10 1.2 Kappa Asta, Grand i10 1.2 Kappa Asta,Hyundai,Hyderabad,2017,20000,Petrol,Manual,First,18.9,1197,81.86,5,7.82,5.98
Hyundai Grand i10 1.2 Kappa Magna, Grand i10 1.2 Kappa Magna,Hyundai,Kochi,2018,50234,Petrol,Manual,First,18.9,1197,81.86,5,6.32,4.77
Hyundai Verna VTVT 1.6 AT SX  , Verna VTVT 1.6 AT SX ,Hyundai,Mumbai,2015,40600,Petrol,Automatic,First,17,1591,121.3,5,15.14,7.2
Hyundai Verna CRDi 1.6 AT SX  , Verna CRDi 1.6 AT SX ,Hyundai,Ahmedabad,2013,87000,Diesel,Automatic,First,22,1582,126.2,5,15.72,5.9
Volvo S60 D4 Momentum, S60 D4 Momentum,Volvo,Hyderabad,2015,51000,Diesel,Automatic,First,27.03,1969,190,5,45.67,25
BMW 3 Series 320d  , 3 Series 320d ,BMW,Chennai,2012,65000,Diesel,Automatic,First,22.69,1995,190,5,54.7,14
Toyota Innova Crysta 2.4 VX MT, Innova Crysta 2.4 VX MT,Toyota,Hyderabad,2017,24393,Diesel,Manual,First,13.68,2393,147.8,7,22.87,20.4
Volkswagen Polo 1.0 MPI Trend , Polo 1.0 MPI Trend ,Volkswagen,Hyderabad,2019,1000,Petrol,Manual,First,18.78,999,75,5,6.74,5.68
Mitsubishi Pajero Sport 4X4, Pajero Sport 4X4,Mitsubishi,Mumbai,2013,59000,Diesel,Manual,First,13.5,2477,175.56,7,33.09,12.75
Toyota Corolla Altis 1.8 VL CVT, Corolla Altis 1.8 VL CVT,Toyota,Delhi,2017,21000,Petrol,Automatic,First,14.28,1798,138.03,5,23.25,18
Toyota Corolla Altis 1.4 DG, Corolla Altis 1.4 DG,Toyota,Ahmedabad,2012,52000,Diesel,Manual,First,21.43,1364,86.79,5,19.27,6.5
Jaguar XE 2.0L    Prestige, XE 2.0L Prestige,Jaguar,Delhi,2018,1000,Diesel,Automatic,First,13.6,1999,177,5,52.77,40
Mahindra Xylo D4, Xylo D4,Mahindra,Chennai,2016,85000,Diesel,Manual,First,14.95,2489,93.7,7,11.67,6.15
Maruti Swift VDI, Swift VDI,Maruti,Kochi,2017,34613,Diesel,Manual,First,28.4,1248,74,5,7.92,6.24
Hyundai Xcent 1.2 VTVT S, Xcent 1.2 VTVT S,Hyundai,Bangalore,2014,54000,Petrol,Manual,First,20.14,1197,81.86,5,7.85,5.5
Honda City i-VTEC CVT VX, City i VTEC CVT VX,Honda,Kochi,2018,22974,Petrol,Automatic,First,18,1497,117.3,5,15.55,11.97
Toyota Fortuner 2.8 2WD MT, Fortuner 2.8 2WD MT,Toyota,Ahmedabad,2015,65012,Diesel,Manual,First,14.24,2755,174.5,7,32.45,18.9
Maruti Eeco 7   Standard, Eeco 7 Standard,Maruti,Hyderabad,2015,90413,Petrol,Manual,First,15.1,1196,73,7,4.83,2.95
Maruti Swift LDI, Swift LDI,Maruti,Mumbai,2015,14000,Diesel,Manual,First,28.4,1248,74,5,7.13,5.25
BMW 5 Series 520d  , 5 Series 520d ,BMW,Coimbatore,2012,44450,Diesel,Automatic,First,22.48,1995,190,5,71.82,24.68
BMW X1 M Sport sDrive 20d, X1 M Sport sDrive 20d,BMW,Mumbai,2016,31000,Diesel,Automatic,First,17.05,1995,190,5,50.97,29.5
Hyundai Verna CRDi 1.4 E, Verna CRDi 1.4 E,Hyundai,Chennai,2008,121097,Diesel,Manual,Second,24,1396,88.76,5,10.73,1.9
Fiat  a Classic Plus 1.3 Multijet, a Classic Plus 1.3 Multijet,Fiat,Jaipur,2013,86000,Diesel,Manual,Second,19.5,1248,75,5,9.5,2.5
BMW 3 Series 320d  , 3 Series 320d ,BMW,Kochi,2013,37613,Diesel,Automatic,First,22.69,1995,190,5,52.46,13.95
Maruti Ignis 1.2 Delta, Ignis 1.2 Delta,Maruti,Coimbatore,2019,16862,Petrol,Manual,First,20.89,1197,81.8,5,6.07,6.06
Maruti Wagon R CNG LXI, Wagon R CNG LXI,Maruti,Pune,2013,79494,CNG,Manual,First,33.54,998,67.04,5,5.54,2.96
Audi Q7 45 TDI  , Q7 45 TDI ,Audi,Mumbai,2016,20002,Diesel,Automatic,First,14.75,2967,245,7,104,67
Maruti Alto K10 VXI, Alto K10 VXI,Maruti,Kolkata,2018,2100,Petrol,Manual,First,24.07,998,67.1,5,4.33,3.6
Hyundai Grand i10 1.2 Kappa Sportz AT, Grand i10 1.2 Kappa Sportz AT,Hyundai,Coimbatore,2018,20667,Petrol,Automatic,First,18.9,1197,81.86,5,8.63,7.55
Hyundai Grand i10 1.2 Kappa Sportz, Grand i10 1.2 Kappa Sportz,Hyundai,Kochi,2019,18453,Petrol,Manual,First,18.9,1197,81.86,5,6.68,6.17
Hyundai Verna CRDi 1.6 SX, Verna CRDi 1.6 SX,Hyundai,Hyderabad,2008,96578,Diesel,Manual,First,22,1582,126.2,5,14.07,2.5
Renault Duster 110PS    RxZ AMT, Duster 110PS RxZ AMT,Renault,Bangalore,2016,45000,Diesel,Automatic,First,19.6,1461,108.45,5,15.05,11.5
Hyundai Grand i10 1.2 Kappa Magna AT, Grand i10 1.2 Kappa Magna AT,Hyundai,Bangalore,2018,3000,Petrol,Automatic,First,18.9,1197,81.86,5,7.98,6.2
Toyota Innova Crysta 2.8 ZX AT, Innova Crysta 2.8 ZX AT,Toyota,Kolkata,2016,66618,Diesel,Automatic,First,11.36,2755,171.5,7,24.82,15.49
Tata Zest Revotron 1.2T XM, Zest Revotron 1.2T XM,Tata,Mumbai,2016,43706,Petrol,Manual,First,17.57,1193,88.7,5,7.63,4
Toyota Innova Crysta 2.4 VX MT, Innova Crysta 2.4 VX MT,Toyota,Kochi,2018,8899,Diesel,Manual,First,13.68,2393,147.8,7,22.86,19.92
Ford EcoSport 1.5   Titanium, EcoSport 1.5 Titanium,Ford,Pune,2018,17000,Petrol,Manual,First,17,1497,121.36,5,11.06,9.2
Maruti Alto K10 VXI, Alto K10 VXI,Maruti,Hyderabad,2016,10000,Petrol,Manual,First,24.07,998,67.1,5,4.53,3.5
Toyota Corolla Altis 1.8 G, Corolla Altis 1.8 G,Toyota,Mumbai,2010,93000,Petrol,Manual,First,14.28,1798,138.03,5,19.39,4.5
Hyundai Elantra 2.0 SX   AT, Elantra 2.0 SX AT,Hyundai,Delhi,2017,9500,Petrol,Automatic,First,14.62,1999,149.92,5,21.77,16.35
Hyundai Creta 1.6 SX Automatic   , Creta 1.6 SX Automatic ,Hyundai,Chennai,2016,55000,Diesel,Automatic,First,17.6,1582,126.2,5,18.35,12.5
Volkswagen Ameo 1.5 TDI   , Ameo 1.5 TDI ,Volkswagen,Jaipur,2016,58095,Diesel,Manual,First,21.66,1498,108.62,5,9.19,5.8
Tata Zest Revotron 1.2 XT, Zest Revotron 1.2 XT,Tata,Kolkata,2015,7445,Petrol,Manual,First,17.57,1193,88.7,5,8.09,5
Toyota Corolla Altis 1.8 VL CVT, Corolla Altis 1.8 VL CVT,Toyota,Kochi,2018,28321,Petrol,Automatic,First,14.28,1798,138.03,5,23.25,17.49
Land Rover Range Rover Sport SE, Sport SE,Land,Kochi,2019,26013,Diesel,Automatic,First,12.65,2993,255,5,139,97.07
Maruti Dzire AMT ZDI Plus, Dzire AMT ZDI Plus,Maruti,Hyderabad,2017,28226,Diesel,Automatic,First,28.4,1248,73.75,5,11.52,9.15
Ford EcoSport 1.5    Titanium Plus, EcoSport 1.5 Titanium Plus,Ford,Chennai,2016,29200,Diesel,Manual,First,23,1498,98.96,5,13.23,7.7
Tata Zest Quadrajet 1.3 XT, Zest Quadrajet 1.3 XT,Tata,Coimbatore,2018,38310,Diesel,Manual,First,20.65,1248,88.7,5,10.06,6.69
Skoda Rapid 1.5 TDI AT Style, Rapid 1.5 TDI AT Style,Skoda,Kolkata,2017,31300,Diesel,Automatic,First,21.72,1498,108.4,5,15.34,10.5
Toyota Innova Crysta 2.4 VX MT 8S, Innova Crysta 2.4 VX MT 8S,Toyota,Coimbatore,2019,11241,Diesel,Manual,First,13.68,2393,147.8,8,24.01,22.55
Mahindra Thar CRDe, Thar CRDe,Mahindra,Jaipur,2016,19000,Diesel,Manual,First,16.55,2498,105,6,11.39,9.25
Ford Aspire Titanium   , Aspire Titanium ,Ford,Coimbatore,2017,30279,Diesel,Manual,First,26.1,1498,99,5,9.79,7.29
Mini Cooper 3 DOOR D, 3 DOOR D,Mini,Mumbai,2016,20000,Diesel,Automatic,First,20.7,1496,113.98,4,35,23.5
Mahindra Verito 1.5 D4 BSIV, Verito 1.5 D4 BSIV,Mahindra,Pune,2015,90000,Diesel,Manual,Second,21.03,1461,65,5,9.26,3.1
Volkswagen Ameo 1.2 MPI High , Ameo 1.2 MPI High ,Volkswagen,Coimbatore,2017,22389,Petrol,Manual,First,17,1198,73.75,5,8.68,7.23
Land Rover Discovery Sport TD4 HSE 7S, Discovery Sport TD4 HSE 7S,Land,Mumbai,2017,40000,Diesel,Automatic,First,12.81,1999,148.31,7,66.39,41.5
Volkswagen Tiguan 2.0 TDI High , Tiguan 2.0 TDI High ,Volkswagen,Jaipur,2017,50510,Diesel,Automatic,First,17.06,1968,141,5,36.45,24.9
Audi Q7 45 TDI Quattro Premium Plus, Q7 45 TDI Quattro Premium Plus,Audi,Kochi,2019,6773,Diesel,Automatic,First,14.75,2967,245,7,91.38,72.94
Mahindra Bolero ZLX, Bolero ZLX,Mahindra,Jaipur,2013,63000,Diesel,Manual,First,15.96,2523,62.1,7,11.15,5.5
BMW X1 M Sport sDrive 20d, X1 M Sport sDrive 20d,BMW,Kochi,2017,32838,Diesel,Automatic,First,17.05,1995,190,5,50.97,30.29
Jaguar XE 2.0L    Prestige, XE 2.0L Prestige,Jaguar,Hyderabad,2017,4000,Diesel,Automatic,First,13.6,1999,177,5,53.41,38
Maruti Wagon R LXI, Wagon R LXI,Maruti,Delhi,2012,45631,Petrol,Manual,Second,22.5,998,67.04,5,4.59,2.74
Hyundai Grand i10 1.2 Kappa Magna, Grand i10 1.2 Kappa Magna,Hyundai,Delhi,2017,12248,Petrol,Manual,First,18.9,1197,81.86,5,6.54,4.9
Maruti Alto K10 VXI, Alto K10 VXI,Maruti,Coimbatore,2011,48624,Petrol,Manual,First,24.07,998,67.1,5,4.7,3.22
BMW 5 Series 520d  , 5 Series 520d ,BMW,Kochi,2018,32586,Diesel,Automatic,First,22.48,1995,190,5,67.87,37.3
Mercedes-Benz GLE 350d, Benz GLE 350d,Mercedes,Coimbatore,2018,40129,Diesel,Automatic,First,11.57,2987,254.79,5,95.13,70.8
Hyundai Grand i10 1.2 Kappa Sportz, Grand i10 1.2 Kappa Sportz,Hyundai,Kochi,2018,10393,Petrol,Manual,First,18.9,1197,81.86,5,6.62,6.03
Honda Amaze V CVT  , Amaze V CVT ,Honda,Pune,2018,1700,Petrol,Automatic,First,19,1199,88.76,5,9.44,7.8
Audi Q3 35 TDI Quattro Premium Plus, Q3 35 TDI Quattro Premium Plus,Audi,Coimbatore,2016,58661,Diesel,Automatic,First,15.17,1968,181,5,48.64,28.03
Mahindra Xylo D4, Xylo D4,Mahindra,Hyderabad,2015,169000,Diesel,Manual,First,14.95,2489,93.7,7,11.69,5
Maruti Ciaz Zeta, Ciaz Zeta,Maruti,Mumbai,2017,5500,Petrol,Manual,First,21.56,1462,103.25,5,11.11,8.2
Maruti Wagon R LXI, Wagon R LXI,Maruti,Ahmedabad,2010,21002,Petrol,Manual,First,22.5,998,67.04,5,4.74,2.75
Maruti Eeco 7   Standard, Eeco 7 Standard,Maruti,Coimbatore,2017,28371,Petrol,Manual,First,15.1,1196,73,7,4.98,4.74
Renault KWID Climber 1.0 MT, KWID Climber 1.0 MT,Renault,Delhi,2017,15000,Petrol,Manual,First,21.7,999,67,5,4.98,4.25
Honda WRV i-VTEC VX, WRV i VTEC VX,Honda,Kochi,2018,15135,Petrol,Manual,First,17.5,1199,88.7,5,10.57,9.29
Maruti Wagon R VXI AMT, Wagon R VXI AMT,Maruti,Coimbatore,2017,37832,Petrol,Automatic,First,22.5,998,67,5,6.33,5.23
Hyundai Grand i10 1.2 Kappa Asta, Grand i10 1.2 Kappa Asta,Hyundai,Coimbatore,2016,43041,Petrol,Manual,First,18.9,1197,81.86,5,8.1,6.01
Hyundai Grand i10 1.2 Kappa Magna, Grand i10 1.2 Kappa Magna,Hyundai,Kolkata,2017,31184,Petrol,Manual,First,18.9,1197,81.86,5,6.4,5
Maruti Dzire AMT ZDI Plus, Dzire AMT ZDI Plus,Maruti,Pune,2017,41747,Diesel,Automatic,First,28.4,1248,73.75,5,11.26,9
Toyota Etios Liva 1.2 VX Dual Tone, Etios Liva 1.2 VX Dual Tone,Toyota,Coimbatore,2019,20877,Petrol,Manual,First,18.16,1197,78.9,5,7.59,7.27
Maruti Swift VXI, Swift VXI,Maruti,Mumbai,2016,23555,Petrol,Manual,First,22,1197,81.8,5,7,5.1
Volkswagen Polo GT TSI, Polo GT TSI,Volkswagen,Mumbai,2016,28000,Petrol,Automatic,First,17.21,1197,103.5,5,11.26,7.25
Tata Bolt Quadrajet XE, Bolt Quadrajet XE,Tata,Hyderabad,2017,40000,Diesel,Manual,First,22.95,1248,74,5,7.43,5.25
Hyundai Elantra 1.6 SX   AT, Elantra 1.6 SX AT,Hyundai,Ahmedabad,2014,49000,Diesel,Automatic,First,18.23,1582,126.2,5,22.43,8.9
Jeep Compass 2.0 Limited   Black, Compass 2.0 Limited Black,Jeep,Mumbai,2017,7000,Diesel,Manual,First,17.1,1956,170,5,24.02,17.45
Toyota Corolla Altis 1.8 GL, Corolla Altis 1.8 GL,Toyota,Kochi,2012,83184,Petrol,Manual,First,14.28,1798,138.03,5,21.69,6.22
Mercedes-Benz GLE 350d, Benz GLE 350d,Mercedes,Coimbatore,2017,33552,Diesel,Automatic,First,11.57,2987,254.79,5,95.13,64.87
Mercedes-Benz A Class A180 Sport, Benz A Class A180 Sport,Mercedes,Mumbai,2016,17000,Petrol,Automatic,First,15.5,1595,122,5,34.63,17.25
Hyundai Grand i10 1.2 Kappa Magna, Grand i10 1.2 Kappa Magna,Hyundai,Kochi,2018,46493,Petrol,Manual,First,18.9,1197,81.86,5,6.32,5.53
BMW 3 Series 320d, 3 Series 320d,BMW,Ahmedabad,2011,100000,Diesel,Automatic,Second,22.69,1995,190,5,43.31,10.9
Maruti Eeco 7   Standard, Eeco 7 Standard,Maruti,Mumbai,2014,34669,Petrol,Manual,First,15.1,1196,73,7,4.71,2.9
Toyota Innova Crysta 2.8 GX AT, Innova Crysta 2.8 GX AT,Toyota,Kochi,2019,10601,Diesel,Automatic,First,11.36,2755,171.5,7,20.74,19.65
Mercedes-Benz GLS 350d Grand Edition, Benz GLS 350d Grand Edition,Mercedes,Delhi,2018,6000,Diesel,Automatic,First,11,2987,258,7,102,79
Hyundai Grand i10 1.2 Kappa Sportz, Grand i10 1.2 Kappa Sportz,Hyundai,Delhi,2018,9434,Petrol,Manual,First,18.9,1197,81.86,5,6.71,5.75
Volkswagen Ameo 1.2 MPI High , Ameo 1.2 MPI High ,Volkswagen,Coimbatore,2018,35569,Petrol,Manual,First,17,1198,73.75,5,8.68,7.27
Toyota Fortuner 2.8 2WD AT, Fortuner 2.8 2WD AT,Toyota,Ahmedabad,2017,15000,Diesel,Automatic,First,12.9,2755,174.5,7,34.45,30
Maruti Dzire VDI, Dzire VDI,Maruti,Delhi,2016,45376,Diesel,Manual,First,28.4,1248,73.75,5,8.58,5.75
Ford EcoSport 1.5    Titanium Plus, EcoSport 1.5 Titanium Plus,Ford,Kochi,2017,78526,Diesel,Manual,First,23,1498,98.96,5,12.67,8.09
BMW X1 sDrive 20d x , X1 sDrive 20d x ,BMW,Coimbatore,2015,42265,Diesel,Automatic,Second,20.68,1995,190,5,48.18,22.24
Ford EcoSport 1.5    Titanium, EcoSport 1.5 Titanium,Ford,Mumbai,2017,26000,Diesel,Manual,First,23,1498,98.96,5,11.89,8.99
Maruti Dzire ZDI Plus, Dzire ZDI Plus,Maruti,Jaipur,2017,24000,Diesel,Manual,First,28.4,1248,73.75,5,10.48,8.2
Hyundai Verna VTVT 1.6 SX  , Verna VTVT 1.6 SX ,Hyundai,Delhi,2013,57478,Petrol,Manual,Second,17,1591,121.3,5,13.59,5.25
Maruti Vitara Brezza ZDi, Vitara Brezza ZDi,Maruti,Hyderabad,2016,41372,Diesel,Manual,First,24.3,1248,88.5,5,11.02,9.3
Mercedes-Benz GLA Class 200 d Sport, Benz GLA Class 200 d Sport,Mercedes,Pune,2017,35000,Diesel,Automatic,First,17.9,2143,136,5,41.94,23.5
Maruti Dzire VDI, Dzire VDI,Maruti,Mumbai,2012,74000,Diesel,Manual,Second,28.4,1248,73.75,5,8.94,4.25
Jeep Compass 2.0 Longitude, Compass 2.0 Longitude,Jeep,Kochi,2018,28937,Diesel,Manual,First,17.1,1956,170,5,21.38,17.02
Toyota Corolla Altis 1.4 DG, Corolla Altis 1.4 DG,Toyota,Coimbatore,2013,63854,Diesel,Manual,First,21.43,1364,86.79,5,19.27,7.12
Maruti Vitara Brezza ZDi Plus AMT Dual Tone, Vitara Brezza ZDi Plus AMT Dual Tone,Maruti,Chennai,2018,3000,Diesel,Automatic,First,24.3,1248,88.5,5,12.88,11.25
Hyundai Xcent 1.2 VTVT SX, Xcent 1.2 VTVT SX,Hyundai,Mumbai,2014,64241,Petrol,Manual,First,20.14,1197,81.86,5,8.27,3.67
BMW X1 sDrive 20d x , X1 sDrive 20d x ,BMW,Bangalore,2016,28143,Diesel,Automatic,First,20.68,1995,190,5,48.18,28.5
Toyota Innova Crysta 2.4 VX MT, Innova Crysta 2.4 VX MT,Toyota,Hyderabad,2017,67000,Diesel,Manual,First,13.68,2393,147.8,7,22.87,16.5
Hyundai Grand i10 1.2 Kappa Magna AT, Grand i10 1.2 Kappa Magna AT,Hyundai,Kochi,2018,5354,Petrol,Automatic,First,18.9,1197,81.86,5,7.37,6.76
Volkswagen Polo 1.0 MPI   , Polo 1.0 MPI ,Volkswagen,Chennai,2016,42000,Petrol,Manual,Second,18.78,999,75,5,7.33,5.5
Maruti Eeco 7   Standard, Eeco 7 Standard,Maruti,Coimbatore,2013,54885,Petrol,Manual,First,15.1,1196,73,7,4.98,3.75
Toyota Innova Crysta 2.4 VX MT, Innova Crysta 2.4 VX MT,Toyota,Mumbai,2016,25121,Diesel,Manual,First,13.68,2393,147.8,7,23.06,17.11
Mahindra Bolero SLE, Bolero SLE,Mahindra,Hyderabad,2012,75000,Diesel,Manual,First,15.96,2523,62.1,7,10.32,4.3
Maruti Ignis 1.2 Alpha, Ignis 1.2 Alpha,Maruti,Mumbai,2017,1000,Petrol,Manual,First,20.89,1197,81.8,5,7.87,6.36
BMW 7 Series 730Ld Eminence, 7 Series 730Ld Eminence,BMW,Kochi,2015,29966,Diesel,Automatic,Second,16.77,2993,261.49,5,140,43.6
Maruti Wagon R CNG LXI, Wagon R CNG LXI,Maruti,Mumbai,2013,54000,CNG,Manual,First,33.54,998,67.04,5,5.58,3.05
Jeep Compass 2.0 Longitude, Compass 2.0 Longitude,Jeep,Coimbatore,2018,33218,Diesel,Manual,First,17.1,1956,170,5,22.46,19.05
Mini Cooper 5 DOOR D, 5 DOOR D,Mini,Hyderabad,2017,2000,Diesel,Automatic,First,20.7,1496,113.98,5,42.48,34
Tata Zest Revotron 1.2T XMS, Zest Revotron 1.2T XMS,Tata,Chennai,2015,40000,Petrol,Manual,First,17.57,1193,88.7,5,7.69,4
Ford Aspire Titanium Plus  , Aspire Titanium Plus ,Ford,Kolkata,2015,2800,Diesel,Manual,First,26.1,1498,99,5,9.4,8.41
Hyundai Grand i10 1.2 Kappa Asta, Grand i10 1.2 Kappa Asta,Hyundai,Coimbatore,2016,37429,Petrol,Manual,First,18.9,1197,81.86,5,8.1,5.89
Honda City i-VTEC V, City i VTEC V,Honda,Delhi,2011,67031,Petrol,Manual,First,17.4,1497,117.3,5,11.85,4
Maruti Celerio VXI AMT, Celerio VXI AMT,Maruti,Mumbai,2016,47691,Petrol,Automatic,First,23.1,998,67.04,5,6.08,3.94
Maruti Dzire VDI, Dzire VDI,Maruti,Kolkata,2015,28193,Diesel,Manual,First,28.4,1248,73.75,5,8.36,5.25
Mercedes-Benz SLC 43 AMG, Benz SLC 43 AMG,Mercedes,Coimbatore,2019,2526,Petrol,Automatic,First,19,2996,362.07,2,106,83.96
Mercedes-Benz E-Class E 220 d, Benz E Class E 220 d,Mercedes,Hyderabad,2013,85000,Diesel,Automatic,First,16.1,1950,194,5,71.15,21
Hyundai Grand i10 1.2 Kappa Sportz, Grand i10 1.2 Kappa Sportz,Hyundai,Ahmedabad,2015,20780,Petrol,Manual,First,18.9,1197,81.86,5,6.82,4.3
Mercedes-Benz GLE 250d, Benz GLE 250d,Mercedes,Kochi,2017,25601,Diesel,Automatic,First,17.9,2143,201.15,5,78.76,56.73
Ford Freestyle Titanium  , Freestyle Titanium ,Ford,Mumbai,2007,1261,Petrol,Manual,First,19,1194,94.68,5,8.12,6
Hyundai Elite i20 Asta  , Elite i20 Asta ,Hyundai,Coimbatore,2017,59450,Petrol,Manual,First,18.6,1197,81.86,5,9.78,7.53
Maruti Baleno Delta, Baleno Delta,Maruti,Mumbai,2016,12573,Petrol,Manual,First,21.4,1197,83.1,5,7.36,5.8
Toyota Fortuner 2.8 2WD AT, Fortuner 2.8 2WD AT,Toyota,Pune,2017,29000,Diesel,Automatic,First,12.9,2755,174.5,7,38.11,31
Maruti Ertiga ZDI, Ertiga ZDI,Maruti,Delhi,2013,68000,Diesel,Manual,First,25.47,1248,88.5,7,11.75,4.85
Maruti Swift VDI, Swift VDI,Maruti,Hyderabad,2013,84000,Diesel,Manual,First,28.4,1248,74,5,8.44,5.65
Hyundai Creta 1.6 SX  , Creta 1.6 SX ,Hyundai,Delhi,2016,24347,Petrol,Manual,First,15.8,1591,121.3,5,16.06,11
Honda City i-VTEC CVT VX, City i VTEC CVT VX,Honda,Mumbai,2017,17000,Petrol,Automatic,First,18,1497,117.3,5,15.29,11.6
Honda Brio 1.2 VX MT, Brio 1.2 VX MT,Honda,Kochi,2014,41460,Petrol,Manual,First,18.5,1198,86.8,5,6.63,3.95
Land Rover Discovery HSE Luxury 3.0 TD6, Discovery HSE Luxury 3.0 TD6,Land,Mumbai,2017,35000,Diesel,Automatic,First,18,2993,255,7,127,41.6
Toyota Fortuner 2.8 4WD MT, Fortuner 2.8 4WD MT,Toyota,Bangalore,2015,150386,Diesel,Manual,First,14.24,2755,174.5,7,39.6,23
Maruti Vitara Brezza ZDi Plus, Vitara Brezza ZDi Plus,Maruti,Ahmedabad,2017,80000,Diesel,Manual,First,24.3,1248,88.5,5,10.91,8
Hyundai Tucson 2.0 Dual VTVT 2WD AT GL, Tucson 2.0 Dual VTVT 2WD AT GL,Hyundai,Mumbai,2016,13000,Petrol,Automatic,First,12.95,1999,152.88,5,25.75,17.75
Maruti Wagon R VXI, Wagon R VXI,Maruti,Kolkata,2016,16956,Petrol,Manual,First,22.5,998,67.04,5,5.29,3.6
Maruti Wagon R VXI, Wagon R VXI,Maruti,Mumbai,2010,38000,Petrol,Manual,Second,22.5,998,67.04,5,5.61,1.75
Honda Brio 1.2 VX AT, Brio 1.2 VX AT,Honda,Mumbai,2017,20000,Petrol,Automatic,First,16.5,1198,86.8,5,8.05,5.99
Toyota Etios Cross 1.4L GD, Etios Cross 1.4L GD,Toyota,Kochi,2016,36681,Diesel,Manual,First,23.59,1364,67.06,5,8.82,6.71
Honda City i-VTEC CVT ZX, City i VTEC CVT ZX,Honda,Coimbatore,2018,20300,Petrol,Automatic,First,18,1497,117.3,5,17.38,14.21
Maruti Celerio ZXI MT, Celerio ZXI MT,Maruti,Kochi,2017,21799,Petrol,Manual,First,23.1,998,67.04,5,5.69,5.11
Toyota Innova Crysta 2.8 ZX AT, Innova Crysta 2.8 ZX AT,Toyota,Hyderabad,2017,35358,Diesel,Automatic,First,11.36,2755,171.5,7,26.56,22.99
Tata Tiago 1.2 Revotron XT, Tiago 1.2 Revotron XT,Tata,Jaipur,2016,42700,Petrol,Manual,First,23.84,1199,84,5,5.61,3.6
Toyota Fortuner 2.8 4WD MT, Fortuner 2.8 4WD MT,Toyota,Hyderabad,2010,110000,Diesel,Manual,First,14.24,2755,174.5,7,37.51,13.7
Maruti Wagon R VXI 1.2, Wagon R VXI 1.2,Maruti,Mumbai,2015,55000,Petrol,Manual,First,21.5,1197,81.8,5,5.88,3.1
Honda City i-DTEC ZX, City i DTEC ZX,Honda,Hyderabad,2017,46000,Diesel,Manual,First,25.6,1498,98.6,5,16.95,12.9
BMW 5 Series 520d  , 5 Series 520d ,BMW,Ahmedabad,2012,95000,Diesel,Automatic,Second,22.48,1995,190,5,63.71,17.5
Ford EcoSport 1.5   Titanium, EcoSport 1.5 Titanium,Ford,Delhi,2017,39000,Diesel,Manual,First,23,1498,98.96,5,11.47,8.45
Toyota Fortuner 2.8 4WD MT, Fortuner 2.8 4WD MT,Toyota,Mumbai,2010,140000,Diesel,Manual,First,14.24,2755,174.5,7,37.46,10.75
Maruti Swift VDI, Swift VDI,Maruti,Kochi,2016,62192,Diesel,Manual,First,28.4,1248,74,5,7.88,5.22
Maruti Ciaz Alpha, Ciaz Alpha,Maruti,Kochi,2018,38394,Petrol,Manual,First,21.56,1462,103.25,5,11.37,9.18
Hyundai Elantra 2.0 SX   AT, Elantra 2.0 SX AT,Hyundai,Delhi,2016,28000,Petrol,Automatic,First,14.62,1999,149.92,5,21.77,13.9
Volkswagen Vento 1.5 TDI Trend , Vento 1.5 TDI Trend ,Volkswagen,Mumbai,2011,47000,Diesel,Manual,First,20.64,1498,108.5,5,11.3,3.25
Mercedes-Benz E-Class E 350 d, Benz E Class E 350 d,Mercedes,Coimbatore,2019,9312,Diesel,Automatic,First,18,2987,258,5,92.5,78.8
Hyundai Elantra 2.0 SX   AT, Elantra 2.0 SX AT,Hyundai,Coimbatore,2015,58239,Petrol,Automatic,First,14.62,1999,149.92,5,23.64,9.69
Nissan Terrano XL D  , Terrano XL D ,Nissan,Mumbai,2014,51000,Diesel,Manual,First,19.87,1461,83.14,5,15.06,5.65
Toyota Fortuner 2.8 2WD AT, Fortuner 2.8 2WD AT,Toyota,Ahmedabad,2016,88008,Diesel,Automatic,Second,12.9,2755,174.5,7,34.45,22.5
Mercedes-Benz GLA Class 200 d Sport, Benz GLA Class 200 d Sport,Mercedes,Mumbai,2018,10000,Diesel,Automatic,First,17.9,2143,136,5,41.94,28.9
Mini Cooper Convertible S, Convertible S,Mini,Chennai,2012,17000,Petrol,Automatic,Second,16.82,1998,189.08,4,44.28,22
Mini Cooper 3 DOOR S, 3 DOOR S,Mini,Mumbai,2013,21000,Petrol,Automatic,First,17.44,1998,189.08,4,39.57,21.5
Maruti Wagon R CNG LXI, Wagon R CNG LXI,Maruti,Pune,2014,29202,CNG,Manual,First,33.54,998,67.04,5,5.54,3.9
Skoda Rapid 1.6 MPI AT Ambition, Rapid 1.6 MPI AT Ambition,Skoda,Mumbai,2017,32000,Petrol,Automatic,First,14.84,1598,103.52,5,13.7,8.11
Maruti Ertiga VDI, Ertiga VDI,Maruti,Delhi,2017,65000,Diesel,Manual,First,25.47,1248,88.5,7,11.16,7.65
Ford EcoSport 1.5   Trend, EcoSport 1.5 Trend,Ford,Kolkata,2016,21460,Petrol,Manual,First,17,1497,121.36,5,9.47,6
Honda Jazz V CVT, Jazz V CVT,Honda,Hyderabad,2015,33000,Petrol,Automatic,First,19,1199,88.7,5,10.17,7.25
Maruti Vitara Brezza ZDi Plus, Vitara Brezza ZDi Plus,Maruti,Jaipur,2017,48324,Diesel,Manual,First,24.3,1248,88.5,5,11.47,9
Hyundai Grand i10 1.2 CRDi Sportz, Grand i10 1.2 CRDi Sportz,Hyundai,Kochi,2017,20773,Diesel,Manual,First,24,1186,73.97,5,8.17,5.92
Volkswagen Polo 1.5 TDI High , Polo 1.5 TDI High ,Volkswagen,Kolkata,2016,22000,Diesel,Manual,First,20.14,1498,88,5,9.58,6.29
BMW 3 Series 320d, 3 Series 320d,BMW,Mumbai,2013,25000,Diesel,Automatic,First,22.69,1995,190,5,47.87,17.99
Mahindra Xylo H4, Xylo H4,Mahindra,Chennai,2015,82000,Diesel,Manual,Second,14.02,2179,118.3,7,11.67,4.85
Maruti Dzire VDI, Dzire VDI,Maruti,Hyderabad,2011,110000,Diesel,Manual,First,28.4,1248,73.75,5,9.14,4
Volkswagen Polo 1.5 TDI High , Polo 1.5 TDI High ,Volkswagen,Delhi,2012,68038,Diesel,Manual,First,20.14,1498,88,5,9.96,3.6
BMW 5 Series 520d  , 5 Series 520d ,BMW,Ahmedabad,2013,55000,Diesel,Automatic,First,22.48,1995,190,5,63.71,21.75
Mercedes-Benz GLC 220d 4MATIC Sport, Benz GLC 220d 4MATIC Sport,Mercedes,Mumbai,2017,25000,Diesel,Automatic,First,17.9,2143,170,5,64.14,45
Maruti Alto K10 VXI, Alto K10 VXI,Maruti,Coimbatore,2011,46808,Petrol,Manual,Second,24.07,998,67.1,5,4.7,3.19
Hyundai Xcent 1.2 VTVT S, Xcent 1.2 VTVT S,Hyundai,Coimbatore,2015,65743,Petrol,Manual,First,20.14,1197,81.86,5,7.85,6.2
Hyundai Creta 1.6 SX  , Creta 1.6 SX ,Hyundai,Mumbai,2016,29477,Petrol,Manual,First,15.8,1591,121.3,5,16.36,10.25
Toyota Fortuner 2.8 2WD AT, Fortuner 2.8 2WD AT,Toyota,Delhi,2017,40000,Diesel,Automatic,First,12.9,2755,174.5,7,37.38,30
Ford EcoSport 1.5   Titanium, EcoSport 1.5 Titanium,Ford,Mumbai,2017,30000,Diesel,Manual,First,23,1498,98.96,5,11.89,8.99
Tata Zest Revotron 1.2T XE, Zest Revotron 1.2T XE,Tata,Delhi,2017,47000,Petrol,Manual,Second,17.57,1193,88.7,5,6.62,4.5
Maruti Vitara Brezza ZDi Plus Dual Tone, Vitara Brezza ZDi Plus Dual Tone,Maruti,Kochi,2017,45362,Diesel,Manual,First,24.3,1248,88.5,5,11.75,9.38
Tata Hexa XTA, Hexa XTA,Tata,Coimbatore,2019,14233,Diesel,Automatic,First,17.6,2179,153.86,7,22.74,17.85
Skoda Superb Style 1.8 TSI AT, Superb Style 1.8 TSI AT,Skoda,Mumbai,2010,62004,Petrol,Automatic,Second,14.67,1798,177.46,5,33.36,3.75
Volkswagen Vento 1.5 TDI High  AT, Vento 1.5 TDI High AT,Volkswagen,Mumbai,2016,25500,Diesel,Automatic,First,21.5,1498,108.5,5,15.86,8.95
Mercedes-Benz E-Class E 220 d, Benz E Class E 220 d,Mercedes,Mumbai,2018,11000,Diesel,Automatic,First,16.1,1950,194,5,70.55,56.5
BMW 3 Series 320d  , 3 Series 320d ,BMW,Mumbai,2014,18600,Diesel,Automatic,Second,22.69,1995,190,5,54.43,21
Land Rover Discovery SE 3.0 TD6, Discovery SE 3.0 TD6,Land,Delhi,2016,59000,Diesel,Automatic,First,18,2993,255,7,113,36.75
Mercedes-Benz CLA 200 CDI Sport, Benz CLA 200 CDI Sport,Mercedes,Coimbatore,2017,20969,Diesel,Automatic,First,17.9,2143,136,5,45.36,27.87
Maruti Vitara Brezza ZDi, Vitara Brezza ZDi,Maruti,Kolkata,2018,2900,Diesel,Manual,First,24.3,1248,88.5,5,10.13,8.75
Skoda Rapid 1.5 TDI Ambition, Rapid 1.5 TDI Ambition,Skoda,Coimbatore,2018,5833,Diesel,Manual,First,21.13,1498,108.4,5,14.22,11.92
Mahindra NuvoSport N8, NuvoSport N8,Mahindra,Coimbatore,2017,37712,Diesel,Manual,First,17.45,1493,100,7,11.77,7.57
Datsun redi-GO T  , redi GO T ,Datsun,Kochi,2018,30953,Petrol,Manual,First,22.7,799,53.64,5,4.05,3.48
Jeep Compass 2.0 Limited 4X4, Compass 2.0 Limited 4X4,Jeep,Coimbatore,2018,48188,Diesel,Manual,First,16.3,1956,170,5,26.95,21.69
Toyota Innova Crysta 2.8 ZX AT, Innova Crysta 2.8 ZX AT,Toyota,Coimbatore,2017,65367,Diesel,Automatic,First,11.36,2755,171.5,7,28.05,20.14
Maruti Wagon R VXI AMT, Wagon R VXI AMT,Maruti,Mumbai,2016,8000,Petrol,Automatic,First,22.5,998,67,5,6.14,4.15
Maruti Alto K10 VXI, Alto K10 VXI,Maruti,Mumbai,2016,13198,Petrol,Manual,First,24.07,998,67.1,5,4.82,3.15
Tata Tiago AMT 1.2 Revotron XZA, Tiago AMT 1.2 Revotron XZA,Tata,Coimbatore,2019,15379,Petrol,Automatic,First,23.84,1199,83.83,5,7.17,6.97
Mini Cooper Convertible S, Convertible S,Mini,Mumbai,2016,15000,Petrol,Automatic,First,16.82,1998,189.08,4,44.28,35
Hyundai Verna CRDi 1.6 SX  , Verna CRDi 1.6 SX ,Hyundai,Pune,2017,50000,Diesel,Manual,First,22,1582,126.2,5,15.72,11.5
Renault Duster 85PS   RxE, Duster 85PS RxE,Renault,Pune,2016,54000,Diesel,Manual,First,19.87,1461,83.8,5,11.27,6.5
Honda BRV i-VTEC V MT, BRV i VTEC V MT,Honda,Pune,2016,9200,Petrol,Manual,First,15.4,1497,117.3,7,13.58,8
Honda Amaze S  , Amaze S ,Honda,Hyderabad,2015,29000,Diesel,Manual,First,27.4,1498,98.6,5,9.09,5.99
Maruti Alto K10 VXI, Alto K10 VXI,Maruti,Kochi,2018,46805,Petrol,Manual,First,24.07,998,67.1,5,4.09,3.63
Tata Zest Revotron 1.2T XE, Zest Revotron 1.2T XE,Tata,Mumbai,2017,100000,Petrol,Manual,First,17.57,1193,88.7,5,6.83,4.25
Maruti Wagon R LXI, Wagon R LXI,Maruti,Kochi,2011,15466,Petrol,Manual,First,22.5,998,67.04,5,5.04,3.36
BMW 3 Series 320d, 3 Series 320d,BMW,Kolkata,2011,70000,Diesel,Automatic,First,22.69,1995,190,5,43.81,10.3
Maruti Wagon R VXI, Wagon R VXI,Maruti,Kochi,2014,41994,Petrol,Manual,First,22.5,998,67.04,5,5.12,3.41
Audi Q3 35 TDI Quattro Premium Plus, Q3 35 TDI Quattro Premium Plus,Audi,Bangalore,2015,51000,Diesel,Automatic,First,15.17,1968,181,5,48.64,27.5
Maruti Wagon R VXI 1.2, Wagon R VXI 1.2,Maruti,Jaipur,2015,64876,Petrol,Manual,First,21.5,1197,81.8,5,5.71,3.5
Maruti Celerio CNG VXI MT, Celerio CNG VXI MT,Maruti,Kochi,2016,70536,CNG,Manual,First,31.79,998,58.33,5,5.87,4.58
Maruti Vitara Brezza ZDi Plus Dual Tone, Vitara Brezza ZDi Plus Dual Tone,Maruti,Coimbatore,2017,25299,Diesel,Manual,First,24.3,1248,88.5,5,12.56,10.34
Honda Amaze V  , Amaze V ,Honda,Kochi,2016,40866,Petrol,Manual,First,19.5,1199,86.76,5,8.16,5.47
Mini Cooper Convertible S, Convertible S,Mini,Kochi,2017,20469,Petrol,Automatic,First,16.82,1998,189.08,4,44.28,35.98
Volkswagen Ameo 1.5 TDI High , Ameo 1.5 TDI High ,Volkswagen,Kochi,2018,31426,Diesel,Manual,First,21.66,1498,108.62,5,9.72,7.9
Maruti Baleno Alpha CVT, Baleno Alpha CVT,Maruti,Kochi,2019,13574,Petrol,Automatic,First,21.4,1197,83.1,5,10.3,9.51
BMW 5 Series 520d  , 5 Series 520d ,BMW,Ahmedabad,2013,90000,Diesel,Automatic,First,22.48,1995,190,5,63.71,19.5
Maruti Vitara Brezza ZDi Plus, Vitara Brezza ZDi Plus,Maruti,Kochi,2017,38426,Diesel,Manual,First,24.3,1248,88.5,5,11.12,9.13
Maruti Eeco 7   Standard, Eeco 7 Standard,Maruti,Pune,2011,45000,Petrol,Manual,First,15.1,1196,73,7,4.69,2.25
Maruti Wagon R LXI, Wagon R LXI,Maruti,Mumbai,2010,37822,Petrol,Manual,First,22.5,998,67.04,5,5.04,2.35
Toyota Innova Crysta 2.4 VX MT 8S, Innova Crysta 2.4 VX MT 8S,Toyota,Coimbatore,2017,72202,Diesel,Manual,First,13.68,2393,147.8,8,24.01,17.92
Mercedes-Benz GLE 350d, Benz GLE 350d,Mercedes,Coimbatore,2018,30706,Diesel,Automatic,First,11.57,2987,254.79,5,95.13,59.29
Maruti Baleno Alpha, Baleno Alpha,Maruti,Mumbai,2016,12208,Petrol,Manual,First,21.4,1197,83.1,5,8.78,6.75
Volkswagen Polo GT TSI, Polo GT TSI,Volkswagen,Mumbai,2017,27853,Petrol,Automatic,First,17.21,1197,103.5,5,11.26,8.25
Hyundai Grand i10 1.2 Kappa Sportz, Grand i10 1.2 Kappa Sportz,Hyundai,Kochi,2018,20689,Petrol,Manual,First,18.9,1197,81.86,5,6.68,6.07
Renault KWID 1.0 RXT  al AMT, KWID 1.0 RXT al AMT,Renault,Coimbatore,2017,53285,Petrol,Automatic,First,22.5,999,67,5,5.42,4.28
Mercedes-Benz GLE 350d, Benz GLE 350d,Mercedes,Mumbai,2017,19863,Diesel,Automatic,First,11.57,2987,254.79,5,91.23,64.95
Hyundai Grand i10 1.2 Kappa Sportz, Grand i10 1.2 Kappa Sportz,Hyundai,Mumbai,2018,3958,Petrol,Manual,First,18.9,1197,81.86,5,7.14,5.55
BMW X3 xDrive 20d  , X3 xDrive 20d ,BMW,Hyderabad,2009,58000,Diesel,Automatic,First,18.56,1995,190,5,69.59,17.98
Renault KWID 1.0 RXT  al, KWID 1.0 RXT al,Renault,Kochi,2018,18335,Petrol,Manual,First,21.7,999,67,5,4.61,4.5
Volkswagen Polo GT TSI, Polo GT TSI,Volkswagen,Mumbai,2017,25000,Petrol,Automatic,First,17.21,1197,103.5,5,11.26,7.75
Toyota Fortuner 2.8 2WD AT, Fortuner 2.8 2WD AT,Toyota,Kochi,2019,21719,Diesel,Automatic,First,12.9,2755,174.5,7,37.38,33.13
Renault KWID Climber 1.0 MT, KWID Climber 1.0 MT,Renault,Hyderabad,2018,4126,Petrol,Manual,First,21.7,999,67,5,5.3,4.8
Tata Bolt Quadrajet XM, Bolt Quadrajet XM,Tata,Hyderabad,2017,98500,Diesel,Manual,First,22.95,1248,74,5,7.97,6
BMW 3 Series 320d, 3 Series 320d,BMW,Coimbatore,2009,103905,Diesel,Automatic,First,22.69,1995,190,5,43.31,9.92
Audi A6 35 TDI Matrix, A6 35 TDI Matrix,Audi,Delhi,2014,56000,Diesel,Automatic,First,18.53,1968,187.74,5,59.38,24
Volkswagen Vento 1.5 TDI High  AT, Vento 1.5 TDI High AT,Volkswagen,Kochi,2017,33550,Diesel,Automatic,First,21.5,1498,108.5,5,15.86,9.6
Audi A6 35 TDI Matrix, A6 35 TDI Matrix,Audi,Hyderabad,2014,62000,Diesel,Automatic,First,18.53,1968,187.74,5,67.1,25
Ford EcoSport 1.5   Titanium Plus AT, EcoSport 1.5 Titanium Plus AT,Ford,Coimbatore,2018,27852,Petrol,Automatic,First,14.8,1497,121.36,5,14.1,10.44
Tata Nexon 1.5 Revotorq XZ Plus Dual Tone, Nexon 1.5 Revotorq XZ Plus Dual Tone,Tata,Mumbai,2018,14000,Diesel,Manual,First,21.5,1497,108.5,5,12.22,9.9
Isuzu MUX 4WD,Isuzu MUX 4WD,Isuzu,Jaipur,2017,34429,Diesel,Automatic,First,13.8,2999,174.57,7,33.68,20
Toyota Corolla Altis 1.4 DG, Corolla Altis 1.4 DG,Toyota,Ahmedabad,2012,52100,Diesel,Manual,First,21.43,1364,86.79,5,19.27,6.5
Hyundai Grand i10 1.2 Kappa Sportz, Grand i10 1.2 Kappa Sportz,Hyundai,Jaipur,2018,10000,Petrol,Manual,First,18.9,1197,81.86,5,6.96,5.85
Jeep Compass 2.0 Limited 4X4, Compass 2.0 Limited 4X4,Jeep,Coimbatore,2019,6261,Diesel,Manual,First,16.3,1956,170,5,26.95,23.91
Maruti Ignis 1.2 AMT Alpha, Ignis 1.2 AMT Alpha,Maruti,Coimbatore,2019,3906,Petrol,Automatic,First,20.89,1197,81.8,5,7.96,7.36
Toyota Innova Crysta 2.4 VX MT, Innova Crysta 2.4 VX MT,Toyota,Mumbai,2017,38000,Diesel,Manual,First,13.68,2393,147.8,7,23.06,17.65
Toyota Platinum Etios 1.4 GXD, Platinum Etios 1.4 GXD,Toyota,Hyderabad,2015,150000,Diesel,Manual,First,23.59,1364,67.05,5,9.58,6
Toyota Innova Crysta 2.8 GX AT 8S, Innova Crysta 2.8 GX AT 8S,Toyota,Delhi,2017,18000,Diesel,Automatic,First,11.36,2755,171.5,8,20.8,18.25
Nissan Micra Active XV, Micra Active XV,Nissan,Ahmedabad,2016,41000,Petrol,Manual,First,19.69,1198,67.04,5,6.78,4.25
Jeep Compass 2.0 Sport, Compass 2.0 Sport,Jeep,Hyderabad,2017,37000,Diesel,Manual,First,17.1,1956,170,5,19.91,16.9
Tata Zest Quadrajet 1.3 75PS XM, Zest Quadrajet 1.3 75PS XM,Tata,Pune,2017,72000,Diesel,Manual,First,22.95,1248,74,5,8.93,5
Maruti Dzire VXI, Dzire VXI,Maruti,Hyderabad,2013,34900,Petrol,Manual,First,22,1197,81.8,5,7.97,5.49
Maruti Wagon R LXI, Wagon R LXI,Maruti,Mumbai,2014,25422,Petrol,Manual,First,22.5,998,67.04,5,5.04,3.25
Maruti Ertiga VDI, Ertiga VDI,Maruti,Mumbai,2018,14000,Diesel,Manual,First,25.47,1248,88.5,7,11.66,9.25
Mahindra KUV 100 G80 K6 Plus 5Str, KUV 100 G80 K6 Plus 5Str,Mahindra,Kolkata,2017,43000,Petrol,Manual,First,18.15,1198,82,5,7.35,4.5
Maruti Swift VXI, Swift VXI,Maruti,Pune,2010,68000,Petrol,Manual,First,22,1197,81.8,5,6.99,2.8
Jeep Compass 2.0 Limited, Compass 2.0 Limited,Jeep,Pune,2018,16039,Diesel,Manual,First,17.1,1956,170,5,23.89,18.5
Maruti Swift LDI, Swift LDI,Maruti,Hyderabad,2016,52000,Diesel,Manual,First,28.4,1248,74,5,7.27,5.95
Maruti Swift VDI, Swift VDI,Maruti,Kochi,2015,53500,Diesel,Manual,First,28.4,1248,74,5,7.88,5.36
Hyundai Xcent 1.2 CRDi S, Xcent 1.2 CRDi S,Hyundai,Mumbai,2016,50000,Diesel,Manual,First,25.4,1186,73.97,5,8.84,3.5
BMW 3 Series 320d  , 3 Series 320d ,BMW,Delhi,2019,87000,Diesel,Automatic,First,22.69,1995,190,5,52.46,6.67
Mahindra Xylo H4, Xylo H4,Mahindra,Coimbatore,2016,93166,Diesel,Manual,Second,14.02,2179,118.3,7,11.67,5.85
Toyota Corolla Altis 1.8 VL CVT, Corolla Altis 1.8 VL CVT,Toyota,Kolkata,2018,5000,Petrol,Automatic,First,14.28,1798,138.03,5,22.37,16.95
Skoda Rapid 1.6 MPI Ambition, Rapid 1.6 MPI Ambition,Skoda,Mumbai,2015,39822,Petrol,Manual,First,15.41,1598,103.52,5,12.02,4.68
Renault KWID RXL, KWID RXL,Renault,Kochi,2017,24214,Petrol,Manual,Second,25.17,799,53.3,5,3.95,3.46
BMW 3 Series 320d, 3 Series 320d,BMW,Coimbatore,2013,85846,Diesel,Automatic,First,22.69,1995,190,5,48.79,13.08
Maruti Alto K10 LXI CNG  al, Alto K10 LXI CNG al,Maruti,Kochi,2018,44202,CNG,Manual,First,32.26,998,58.2,4,4.66,4
Maruti Vitara Brezza ZDi Plus Dual Tone, Vitara Brezza ZDi Plus Dual Tone,Maruti,Kochi,2017,35981,Diesel,Manual,First,24.3,1248,88.5,5,11.29,9.51
Maruti Wagon R CNG LXI, Wagon R CNG LXI,Maruti,Delhi,2014,74663,CNG,Manual,First,33.54,998,67.04,5,5.35,3.25
Porsche Cayenne Base,Porsche Cayenne Base,Porsche,Kochi,2019,14298,Petrol,Automatic,First,13.33,2995,340,5,136,100
Honda Brio 1.2 S MT, Brio 1.2 S MT,Honda,Mumbai,2015,22000,Petrol,Manual,First,18.5,1198,86.8,5,6.23,3.95
Hyundai Grand i10 1.2 Kappa Magna AT, Grand i10 1.2 Kappa Magna AT,Hyundai,Coimbatore,2019,12153,Petrol,Automatic,First,18.9,1197,81.86,5,7.98,6.84
Audi A4 30 TFSI Premium Plus, A4 30 TFSI Premium Plus,Audi,Kochi,2017,61221,Petrol,Automatic,First,17.84,1395,147.51,5,47.16,21.73
Mini Cooper 5 DOOR D, 5 DOOR D,Mini,Kochi,2019,14857,Diesel,Automatic,First,20.7,1496,113.98,5,41.98,31.55
Ford Endeavour Titanium 4X2, Endeavour Titanium 4X2,Ford,Coimbatore,2019,14648,Diesel,Manual,First,12.62,2198,158,7,35.29,27.36
Tata Zest Revotron 1.2T XM, Zest Revotron 1.2T XM,Tata,Kochi,2017,48198,Petrol,Manual,First,17.57,1193,88.7,5,7.63,4.65
Maruti Dzire LDI, Dzire LDI,Maruti,Pune,2012,150000,Diesel,Manual,Third,28.4,1248,73.75,5,7.91,2.25
Maruti Eeco CNG 5    , Eeco CNG 5 ,Maruti,Ahmedabad,2015,47001,CNG,Manual,First,20,1196,63,5,5.36,3.72
Maruti Wagon R VXI, Wagon R VXI,Maruti,Chennai,2014,52000,Petrol,Manual,First,22.5,998,67.04,5,5.51,3.45
Hyundai Grand i10 1.2 Kappa Asta, Grand i10 1.2 Kappa Asta,Hyundai,Coimbatore,2017,62788,Petrol,Manual,First,18.9,1197,81.86,5,8.1,6.08
Toyota Innova Crysta 2.8 GX AT, Innova Crysta 2.8 GX AT,Toyota,Pune,2018,20300,Diesel,Automatic,First,11.36,2755,171.5,7,20.97,18
Mini Cooper 3 DOOR D, 3 DOOR D,Mini,Kochi,2015,27641,Diesel,Automatic,Second,20.7,1496,113.98,4,34.89,24.77
Mahindra XUV500 W7, XUV500 W7,Mahindra,Delhi,2018,9000,Diesel,Manual,First,14,2179,155,7,16.4,13
BMW 7 Series 730Ld Design Pure Excellence CBU, 7 Series 730Ld Design Pure Excellence CBU,BMW,Kolkata,2012,41100,Diesel,Automatic,First,16.77,2993,261.49,5,166,26.5
Honda City i-VTEC CVT VX, City i VTEC CVT VX,Honda,Mumbai,2015,19000,Petrol,Automatic,First,18,1497,117.3,5,15.29,8.95
Honda City i-VTEC CVT VX, City i VTEC CVT VX,Honda,Jaipur,2017,35000,Petrol,Automatic,First,18,1497,117.3,5,14.67,7.7
Honda City i-VTEC V, City i VTEC V,Honda,Mumbai,2017,11000,Petrol,Manual,First,17.4,1497,117.3,5,12.57,8.5
Nissan Micra XV D, Micra XV D,Nissan,Chennai,2012,93450,Diesel,Manual,Second,23.19,1461,63.12,5,9.48,2.5
Maruti Dzire ZDI, Dzire ZDI,Maruti,Ahmedabad,2013,56454,Diesel,Manual,First,28.4,1248,73.75,5,8.95,4.65
Jeep Compass 2.0 Limited   4X4, Compass 2.0 Limited 4X4,Jeep,Kolkata,2017,15050,Diesel,Manual,First,16.3,1956,170,5,23.19,17.5
Ford Freestyle Titanium Plus  , Freestyle Titanium Plus ,Ford,Kolkata,2018,8896,Petrol,Manual,First,19,1194,94.68,5,8.24,7.34
Honda Jazz V, Jazz V,Honda,Mumbai,2016,31378,Petrol,Manual,First,18.2,1199,88.7,5,8.71,5.9
Audi Q3 30 TDI Premium FWD, Q3 30 TDI Premium FWD,Audi,Mumbai,2017,31000,Diesel,Automatic,First,18.51,1968,147.51,5,44.75,27
Mercedes-Benz E-Class E400 Cabriolet, Benz E Class E400 Cabriolet,Mercedes,Kolkata,2015,7501,Petrol,Automatic,First,10,2996,333,4,87.57,48
Mercedes-Benz GLE 350d, Benz GLE 350d,Mercedes,Coimbatore,2018,29277,Diesel,Automatic,First,11.57,2987,254.79,5,95.13,59.65
Maruti Baleno Delta CVT, Baleno Delta CVT,Maruti,Coimbatore,2018,34630,Petrol,Automatic,First,21.4,1197,83.1,5,8.57,7.29
Mini Cooper 3 DOOR D, 3 DOOR D,Mini,Kochi,2016,32298,Diesel,Automatic,First,20.7,1496,113.98,4,35,23.8
Ford Aspire Ambiente  , Aspire Ambiente ,Ford,Kolkata,2018,17000,Diesel,Manual,First,26.1,1498,99,5,7.56,5.65
Mercedes-Benz CLA 200 CDI Sport, Benz CLA 200 CDI Sport,Mercedes,Kochi,2019,29836,Diesel,Automatic,First,17.9,2143,136,5,43.07,25.75
Toyota Etios Liva 1.4 GD, Etios Liva 1.4 GD,Toyota,Delhi,2013,84000,Diesel,Manual,First,23.59,1364,67.04,5,7.83,3.85
Maruti Celerio VXI AMT, Celerio VXI AMT,Maruti,Chennai,2015,55000,Petrol,Automatic,First,23.1,998,67.04,5,6,3.5
Honda City i-VTEC VX, City i VTEC VX,Honda,Mumbai,2017,7500,Petrol,Manual,First,17.4,1497,117.3,5,13.76,11.15
Renault Duster 110PS   RxZ AMT, Duster 110PS RxZ AMT,Renault,Jaipur,2016,68163,Diesel,Automatic,First,19.6,1461,108.45,5,14.11,8.9
Maruti Vitara Brezza LDi, Vitara Brezza LDi,Maruti,Kochi,2017,35384,Diesel,Manual,First,24.3,1248,88.5,5,9.12,8.61
Ford EcoSport 1.5   Titanium, EcoSport 1.5 Titanium,Ford,Coimbatore,2018,32189,Diesel,Manual,First,23,1498,98.96,5,11.2,9.25
BMW 3 Series 320d, 3 Series 320d,BMW,Mumbai,2010,67000,Diesel,Automatic,Second,22.69,1995,190,5,47.87,9.25
Maruti Vitara Brezza ZDi Plus, Vitara Brezza ZDi Plus,Maruti,Coimbatore,2018,52380,Diesel,Manual,First,24.3,1248,88.5,5,12.47,10.15
Toyota Etios Liva 1.2 G, Etios Liva 1.2 G,Toyota,Chennai,2011,42000,Petrol,Manual,Second,17.71,1197,78.9,5,6.51,3.75
Honda WRV i-VTEC VX, WRV i VTEC VX,Honda,Ahmedabad,2017,32248,Petrol,Manual,First,17.5,1199,88.7,5,10.32,8.25
Hyundai Grand i10 1.2 Kappa Asta, Grand i10 1.2 Kappa Asta,Hyundai,Bangalore,2014,61325,Petrol,Manual,First,18.9,1197,81.86,5,8.1,4.4
Honda Amaze S  , Amaze S ,Honda,Jaipur,2014,69000,Petrol,Manual,First,19.5,1199,88.76,5,7.52,4.5
Volkswagen Vento 1.5 TDI High  AT, Vento 1.5 TDI High AT,Volkswagen,Hyderabad,2016,45492,Diesel,Automatic,First,21.5,1498,108.5,5,15.68,10.3
Hyundai Grand i10 1.2 Kappa Sportz, Grand i10 1.2 Kappa Sportz,Hyundai,Coimbatore,2014,33496,Petrol,Manual,First,18.9,1197,81.86,5,7.45,5.5
